<?xml version="1.0" encoding="UTF-8"?>
<project-private xmlns="http://www.netbeans.org/ns/project-private/1">
    <editor-bookmarks xmlns="http://www.netbeans.org/ns/editor-bookmarks/2" lastBookmarkId="0"/>
    <open-files xmlns="http://www.netbeans.org/ns/projectui-open-files/2">
        <group>
            <file>file:/C:/All%20Data/Xampp/htdocs/OnlineFoodOrder/projectView/viewSingleOrder.php</file>
            <file>file:/C:/All%20Data/Xampp/htdocs/OnlineFoodOrder/api/apiRatingApplication.php</file>
            <file>file:/C:/All%20Data/Xampp/htdocs/OnlineFoodOrder/api/apiAddOrder.php</file>
            <file>file:/C:/All%20Data/Xampp/htdocs/OnlineFoodOrder/api/apiRegistration.php</file>
            <file>file:/C:/All%20Data/Xampp/htdocs/OnlineFoodOrder/projectView/viewOrders.php</file>
        </group>
    </open-files>
</project-private>
